bin,lower,upper,n,mean_probability,observed_rate,method
0,0.0,0.1,695,0.031642944703170875,0.04748201438848921,uncalibrated
1,0.1,0.2,161,0.1472644075562996,0.12422360248447205,uncalibrated
2,0.2,0.3,93,0.24715920851329815,0.16129032258064516,uncalibrated
3,0.3,0.4,73,0.3470012005069433,0.2465753424657534,uncalibrated
4,0.4,0.5,47,0.4460065206056093,0.425531914893617,uncalibrated
5,0.5,0.6,26,0.5497183496687668,0.6153846153846154,uncalibrated
6,0.6,0.7,27,0.6438170092299701,0.7777777777777778,uncalibrated
7,0.7,0.8,28,0.7415375886769121,0.7857142857142857,uncalibrated
8,0.8,0.9,15,0.8453951259858613,0.9333333333333333,uncalibrated
9,0.9,1.0,11,0.9374624173846752,1.0,uncalibrated
0,0.0,0.1,602,0.04401891774722843,0.044850498338870434,sigmoid
1,0.1,0.2,248,0.1448926851611984,0.10080645161290322,sigmoid
2,0.2,0.3,122,0.24802554080527853,0.1557377049180328,sigmoid
3,0.3,0.4,96,0.34756988770653424,0.3645833333333333,sigmoid
4,0.4,0.5,31,0.4510594384160207,0.6451612903225806,sigmoid
5,0.5,0.6,37,0.5426667733490058,0.7837837837837838,sigmoid
6,0.6,0.7,22,0.6459341863205397,0.7727272727272727,sigmoid
7,0.7,0.8,8,0.722317397172491,1.0,sigmoid
8,0.8,0.9,8,0.8348892504133274,1.0,sigmoid
9,0.9,1.0,2,0.9350274263953551,1.0,sigmoid
