fold,roc_auc,pr_auc,precision,recall,f1,model
0,0.5,0.16101694915254236,0.0,0.0,0.0,dummy
1,0.5,0.16170212765957448,0.0,0.0,0.0,dummy
2,0.5,0.16170212765957448,0.0,0.0,0.0,dummy
3,0.5,0.16170212765957448,0.0,0.0,0.0,dummy
4,0.5,0.16170212765957448,0.0,0.0,0.0,dummy
0,0.8203083466241361,0.6683377097205068,0.7894736842105263,0.39473684210526316,0.5263157894736842,logistic_regression
1,0.8195297889393536,0.540619489616514,0.6470588235294118,0.2894736842105263,0.4,logistic_regression
2,0.8602725086828747,0.6747749394898332,0.782608695652174,0.47368421052631576,0.5901639344262295,logistic_regression
3,0.8856532193427732,0.7257522967777206,0.88,0.5789473684210527,0.6984126984126984,logistic_regression
4,0.8101790008014961,0.6477135947645836,0.782608695652174,0.47368421052631576,0.5901639344262295,logistic_regression
0,0.8070175438596491,0.6335326575204449,0.4426229508196721,0.7105263157894737,0.5454545454545454,logistic_balanced
1,0.7978893935345979,0.4686948901928856,0.35714285714285715,0.6578947368421053,0.46296296296296297,logistic_balanced
2,0.8418380977825274,0.5668401288933026,0.3595505617977528,0.8421052631578947,0.5039370078740157,logistic_balanced
3,0.8757681004541812,0.7055814358299427,0.3717948717948718,0.7631578947368421,0.5,logistic_balanced
4,0.8139193160566389,0.6544904747069858,0.32926829268292684,0.7105263157894737,0.45,logistic_balanced
0,0.7687400318979266,0.5683235057055316,0.7272727272727273,0.42105263157894735,0.5333333333333333,random_forest
1,0.7719743521239647,0.44836787518356624,0.5294117647058824,0.23684210526315788,0.32727272727272727,random_forest
2,0.8125834891798023,0.5826440421076905,0.6551724137931034,0.5,0.5671641791044776,random_forest
3,0.8485172321667112,0.6212126480049225,0.5769230769230769,0.39473684210526316,0.46875,random_forest
4,0.774378840502271,0.5373287995108813,0.5,0.5526315789473685,0.525,random_forest
0,0.7918660287081339,0.6236650228581767,0.8461538461538461,0.2894736842105263,0.43137254901960786,hist_gradient_boosting
1,0.7857333689553835,0.5305519295296932,0.7272727272727273,0.21052631578947367,0.32653061224489793,hist_gradient_boosting
2,0.8430403419716804,0.6092068769294945,0.7777777777777778,0.3684210526315789,0.5,hist_gradient_boosting
3,0.8678867218808441,0.66740136146436,0.6666666666666666,0.2631578947368421,0.37735849056603776,hist_gradient_boosting
4,0.8115148276783329,0.5898977382236472,0.7368421052631579,0.3684210526315789,0.49122807017543857,hist_gradient_boosting
0,0.8211057947900053,0.6456483958645557,0.7727272727272727,0.4473684210526316,0.5666666666666667,logistic_without_sensitive
1,0.826342506011221,0.5262049820409328,0.5263157894736842,0.2631578947368421,0.3508771929824561,logistic_without_sensitive
2,0.8515896339834358,0.6362826730467404,0.782608695652174,0.47368421052631576,0.5901639344262295,logistic_without_sensitive
3,0.8759016831418649,0.7046369813680348,0.8695652173913043,0.5263157894736842,0.6557377049180327,logistic_without_sensitive
4,0.8113812449906493,0.6473510648842684,0.7142857142857143,0.39473684210526316,0.5084745762711864,logistic_without_sensitive
0,0.8152578415736311,0.6555603550716,0.875,0.3684210526315789,0.5185185185185185,logistic_reduced_correlations
1,0.8284798290141597,0.5465411082052265,0.6,0.3157894736842105,0.41379310344827586,logistic_reduced_correlations
2,0.8499866417312316,0.6513437696855987,0.7692307692307693,0.5263157894736842,0.625,logistic_reduced_correlations
3,0.8829815655890996,0.732078411739043,0.8260869565217391,0.5,0.6229508196721312,logistic_reduced_correlations
4,0.8135185679935881,0.648030586068727,0.7727272727272727,0.4473684210526316,0.5666666666666667,logistic_reduced_correlations
0,0.8320042530568845,0.7005710434375599,0.8823529411764706,0.39473684210526316,0.5454545454545454,logistic_engineered_features
1,0.8256745925728025,0.5517527945706121,0.6363636363636364,0.3684210526315789,0.4666666666666667,logistic_engineered_features
2,0.8580016029922523,0.6804098573350063,0.75,0.5526315789473685,0.6363636363636364,logistic_engineered_features
3,0.8868554635319263,0.7122059658098931,0.84,0.5526315789473685,0.6666666666666666,logistic_engineered_features
4,0.8157894736842105,0.6814336377572194,0.8,0.5263157894736842,0.6349206349206349,logistic_engineered_features
