,feature,value,count,attrition_rate
0,Education,1,140,0.17857142857142858
1,Education,2,224,0.14285714285714285
2,Education,3,455,0.18681318681318682
3,Education,4,320,0.140625
4,Education,5,37,0.08108108108108109
5,EnvironmentSatisfaction,1,229,0.2576419213973799
6,EnvironmentSatisfaction,2,223,0.14798206278026907
7,EnvironmentSatisfaction,3,376,0.14361702127659576
8,EnvironmentSatisfaction,4,348,0.12643678160919541
9,JobInvolvement,1,64,0.375
10,JobInvolvement,2,294,0.17687074829931973
11,JobInvolvement,3,705,0.14468085106382977
12,JobInvolvement,4,113,0.10619469026548672
13,JobLevel,1,420,0.26666666666666666
14,JobLevel,2,436,0.09862385321100918
15,JobLevel,3,179,0.1452513966480447
16,JobLevel,4,92,0.05434782608695652
17,JobLevel,5,49,0.08163265306122448
18,JobSatisfaction,1,240,0.22083333333333333
19,JobSatisfaction,2,216,0.17592592592592593
20,JobSatisfaction,3,354,0.1638418079096045
21,JobSatisfaction,4,366,0.11202185792349727
22,NumCompaniesWorked,0,160,0.08125
23,NumCompaniesWorked,1,415,0.20240963855421687
24,NumCompaniesWorked,2,111,0.10810810810810811
25,NumCompaniesWorked,3,126,0.09523809523809523
26,NumCompaniesWorked,4,118,0.1271186440677966
27,NumCompaniesWorked,5,52,0.2692307692307692
28,NumCompaniesWorked,6,51,0.19607843137254902
29,NumCompaniesWorked,7,66,0.25757575757575757
30,NumCompaniesWorked,8,41,0.14634146341463414
31,NumCompaniesWorked,9,36,0.19444444444444445
32,PerformanceRating,3,991,0.16044399596367306
33,PerformanceRating,4,185,0.16756756756756758
34,RelationshipSatisfaction,1,216,0.19907407407407407
35,RelationshipSatisfaction,2,240,0.15416666666666667
36,RelationshipSatisfaction,3,355,0.16056338028169015
37,RelationshipSatisfaction,4,365,0.14520547945205478
38,StockOptionLevel,0,503,0.24254473161033796
39,StockOptionLevel,1,482,0.0995850622406639
40,StockOptionLevel,2,125,0.08
41,StockOptionLevel,3,66,0.15151515151515152
42,TrainingTimesLastYear,0,41,0.2682926829268293
43,TrainingTimesLastYear,1,56,0.125
44,TrainingTimesLastYear,2,457,0.1772428884026258
45,TrainingTimesLastYear,3,394,0.13451776649746192
46,TrainingTimesLastYear,4,95,0.22105263157894736
47,TrainingTimesLastYear,5,84,0.13095238095238096
48,TrainingTimesLastYear,6,49,0.12244897959183673
49,WorkLifeBalance,1,70,0.3142857142857143
50,WorkLifeBalance,2,270,0.1814814814814815
51,WorkLifeBalance,3,711,0.13642756680731363
52,WorkLifeBalance,4,125,0.176
53,BusinessTravel,Non-Travel,123,0.07317073170731707
54,BusinessTravel,Travel_Frequently,225,0.25333333333333335
55,BusinessTravel,Travel_Rarely,828,0.1497584541062802
56,Department,Human Resources,48,0.20833333333333334
57,Department,Research & Development,764,0.13612565445026178
58,Department,Sales,364,0.2087912087912088
59,EducationField,Human Resources,22,0.3181818181818182
60,EducationField,Life Sciences,479,0.15657620041753653
61,EducationField,Marketing,134,0.21641791044776118
62,EducationField,Medical,364,0.1346153846153846
63,EducationField,Other,62,0.08064516129032258
64,EducationField,Technical Degree,115,0.21739130434782608
65,Gender,Female,472,0.1504237288135593
66,Gender,Male,704,0.1690340909090909
67,JobRole,Healthcare Representative,108,0.05555555555555555
68,JobRole,Human Resources,41,0.24390243902439024
69,JobRole,Laboratory Technician,215,0.26976744186046514
70,JobRole,Manager,83,0.060240963855421686
71,JobRole,Manufacturing Director,113,0.061946902654867256
72,JobRole,Research Director,63,0.015873015873015872
73,JobRole,Research Scientist,220,0.1318181818181818
74,JobRole,Sales Executive,273,0.1794871794871795
75,JobRole,Sales Representative,60,0.4166666666666667
76,MaritalStatus,Divorced,263,0.11026615969581749
77,MaritalStatus,Married,540,0.12222222222222222
78,MaritalStatus,Single,373,0.2546916890080429
79,OverTime,No,836,0.11124401913875598
80,OverTime,Yes,340,0.2852941176470588
