,Age,DailyRate,DistanceFromHome,Education,EnvironmentSatisfaction,HourlyRate,JobInvolvement,JobLevel,JobSatisfaction,MonthlyIncome,MonthlyRate,NumCompaniesWorked,PercentSalaryHike,PerformanceRating,RelationshipSatisfaction,StockOptionLevel,TotalWorkingYears,TrainingTimesLastYear,WorkLifeBalance,YearsAtCompany,YearsInCurrentRole,YearsSinceLastPromotion,YearsWithCurrManager
Age,1.0,0.024387199099020228,0.026069860329625803,0.20032170829831744,0.019456135604901923,0.03584231191764196,0.046711216004457934,0.5264925489962852,0.004962520501843265,0.5114325336501352,0.03868715920109482,0.3175002015439019,0.00689275540332612,0.025537096042591398,0.03714186767901922,0.032186648728259735,0.6945069621608243,-0.038122411742935354,-0.03247328398730666,0.3133625167314377,0.2184839193683417,0.2114865332037327,0.20350162652887857
DailyRate,0.024387199099020228,1.0,0.0015136124528478802,-0.0033869989335466757,0.0207188409188954,0.02764176639984384,0.039662522182183656,0.020214998728127227,0.0233702693879848,0.023466541425768917,-0.045861220280882846,0.04855547005190778,0.011896191070909177,-0.005306058601999625,0.006753307196874912,0.04635046809801184,0.02156458750460382,-0.009423038319108689,-0.04017332298796199,-0.025003250254145168,0.023580874367557698,-0.03354682271178664,-0.020495372068973047
DistanceFromHome,0.026069860329625803,0.0015136124528478802,1.0,0.04305308498382773,-0.010683280035997573,0.026303090472703034,0.027889172429287745,0.021988776974228682,-0.027528857436914255,0.000453618411897566,0.023025790902838163,-0.0075651521424021494,0.046635069465713705,0.02764175262241835,0.006785467218431833,0.03432940287456583,0.01781006088791433,-0.04812265629581869,-0.01245613505365016,0.012664574953081884,0.02053856522428339,0.009546840028195565,0.012792625603745162
Education,0.20032170829831744,-0.0033869989335466757,0.04305308498382773,1.0,-0.05486356002310812,0.046893725252032704,0.04246880424983636,0.09356923713795376,-0.020772633450789512,0.08371252909606143,-0.0324527512271537,0.11463273656544772,-0.008240978863076388,-0.0061266442867592115,0.016968932243192143,0.02152442462690953,0.14136587261931655,-0.013428968794158166,-0.00882882171592796,0.059782295646947425,0.04880854413955634,0.05538658017898449,0.07794125857038225
EnvironmentSatisfaction,0.019456135604901923,0.0207188409188954,-0.010683280035997573,-0.05486356002310812,1.0,-0.05519493345200009,0.0027801166758207392,-0.008243453670763411,-0.005943171764794128,-0.015123400726618476,0.044342234633772966,0.01313665731825323,-0.04252682948240728,-0.03780321735878869,0.0007685453134230111,0.004937207552318886,-0.014982596149558507,-0.02230925048346773,0.03407074637703693,0.0016319472613728504,0.012706451111172417,0.0031314290585625127,-0.0045150017313556196
HourlyRate,0.03584231191764196,0.02764176639984384,0.026303090472703034,0.046893725252032704,-0.05519493345200009,1.0,0.0322054088282919,-0.01625816907139809,-0.07025904121532917,-0.0016853871230978238,-0.0006275568597381188,0.04749354317598385,-0.013012041777730845,-0.007053022267382583,0.003938350640362033,0.045636437748417566,0.014984887709905964,-0.025471167913454076,-0.0003781123795288071,-0.02494418449418156,-0.02069067897835759,-0.01749357708887979,-0.01733726558642125
JobInvolvement,0.046711216004457934,0.039662522182183656,0.027889172429287745,0.04246880424983636,0.0027801166758207392,0.0322054088282919,1.0,0.007363118406129937,-0.012750954620013473,0.0010800013616313003,-0.0456356035164596,0.006881637611298429,-0.025938533523995205,-0.051102027584861195,0.03597022462714076,0.020537748365125556,-0.0011283260653259688,-0.03475211147140658,-0.026754144795121438,-0.039641740844387145,-0.010344719757389357,-0.03479690864123184,0.010414638907913238
JobLevel,0.5264925489962852,0.020214998728127227,0.021988776974228682,0.09356923713795376,-0.008243453670763411,-0.01625816907139809,0.007363118406129937,1.0,0.00017901261879765606,0.9470080407530969,0.05021037501190717,0.13311840818374976,-0.020883399841558445,0.0018012432983387694,-0.005380114044403674,-0.0001598479156679425,0.7852435837490287,0.00036083880438234913,0.03669549961634327,0.526718883269122,0.373404548526042,0.33293527674943524,0.3629962776880075
JobSatisfaction,0.004962520501843265,0.0233702693879848,-0.027528857436914255,-0.020772633450789512,-0.005943171764794128,-0.07025904121532917,-0.012750954620013473,0.00017901261879765606,1.0,-0.00722042724429224,-0.008038702451921141,-0.05495743019114501,0.03147792853867255,0.02506212895235775,-0.004333197634617634,0.018998203006942094,-0.01410659145558345,-0.019599892151291067,-0.018113037109971697,-0.016044663786819926,-0.02526143674274597,-0.034715587999057794,-0.03593629087794678
MonthlyIncome,0.5114325336501352,0.023466541425768917,0.000453618411897566,0.08371252909606143,-0.015123400726618476,-0.0016853871230978238,0.0010800013616313003,0.9470080407530969,-0.00722042724429224,1.0,0.044970715057514564,0.1396366090935885,-0.014373313175482617,0.0022826052764669293,0.002027522308467804,-0.017484533193411218,0.7748299140510605,-0.003819102634139205,0.02811105365685385,0.5045021597707905,0.346182050471809,0.32200262113207734,0.32689426926980164
MonthlyRate,0.03868715920109482,-0.045861220280882846,0.023025790902838163,-0.0324527512271537,0.044342234633772966,-0.0006275568597381188,-0.0456356035164596,0.05021037501190717,-0.008038702451921141,0.044970715057514564,1.0,0.0019704920089570264,-0.004276175347602106,0.00981637699349198,-0.017038068266265614,-0.05546955250326811,0.048466330185912676,0.003299172193340213,0.016267799597046897,0.00878930342753453,0.012960074546809393,0.03719109279486015,-0.02477866307501328
NumCompaniesWorked,0.3175002015439019,0.04855547005190778,-0.0075651521424021494,0.11463273656544772,0.01313665731825323,0.04749354317598385,0.006881637611298429,0.13311840818374976,-0.05495743019114501,0.1396366090935885,0.0019704920089570264,1.0,-0.027954818742275102,-0.013354957119895225,0.039913312460559305,0.020433686898738257,0.24773795748801444,-0.04402690749921434,-0.02120753985388222,-0.11225564170957834,-0.07907372076545874,-0.026936520009064772,-0.10804380309718079
PercentSalaryHike,0.00689275540332612,0.011896191070909177,0.046635069465713705,-0.008240978863076388,-0.04252682948240728,-0.013012041777730845,-0.025938533523995205,-0.020883399841558445,0.03147792853867255,-0.014373313175482617,-0.004276175347602106,-0.027954818742275102,1.0,0.7739221206448705,-0.02540119989834918,0.007655296034758526,-0.006727170461703331,-0.0008060719293274236,-0.016318471264795718,-0.021288736505917685,0.01456679357192478,-0.004212763388648944,0.003478650403605541
PerformanceRating,0.025537096042591398,-0.005306058601999625,0.02764175262241835,-0.0061266442867592115,-0.03780321735878869,-0.007053022267382583,-0.051102027584861195,0.0018012432983387694,0.02506212895235775,0.0022826052764669293,0.00981637699349198,-0.013354957119895225,0.7739221206448705,1.0,-0.031602055666965806,-0.0035940629108594272,0.030103095658587837,-0.0235045436767051,-0.01680770047692331,0.015246834432177715,0.04399404466337824,0.029922396448585565,0.0391035224900859
RelationshipSatisfaction,0.03714186767901922,0.006753307196874912,0.006785467218431833,0.016968932243192143,0.0007685453134230111,0.003938350640362033,0.03597022462714076,-0.005380114044403674,-0.004333197634617634,0.002027522308467804,-0.017038068266265614,0.039913312460559305,-0.02540119989834918,-0.031602055666965806,1.0,-0.05203290252130034,-0.000402133704331153,0.011454613893834297,0.03117582825254745,-0.005092695971681049,-0.03749932839244134,0.033141164073348606,-0.040118793607806666
StockOptionLevel,0.032186648728259735,0.04635046809801184,0.03432940287456583,0.02152442462690953,0.004937207552318886,0.045636437748417566,0.020537748365125556,-0.0001598479156679425,0.018998203006942094,-0.017484533193411218,-0.05546955250326811,0.020433686898738257,0.007655296034758526,-0.0035940629108594272,-0.05203290252130034,1.0,-0.008546383507799729,0.006416010954399488,0.013147241008871095,-0.006390977362255613,0.04845790442711483,-0.015968386943282818,0.009405690231492844
TotalWorkingYears,0.6945069621608243,0.02156458750460382,0.01781006088791433,0.14136587261931655,-0.014982596149558507,0.014984887709905964,-0.0011283260653259688,0.7852435837490287,-0.01410659145558345,0.7748299140510605,0.048466330185912676,0.24773795748801444,-0.006727170461703331,0.030103095658587837,-0.000402133704331153,-0.008546383507799729,1.0,-0.029709680403952016,-0.006233505976652014,0.6181781921051589,0.4469018337734273,0.389651905353122,0.4484393593666789
TrainingTimesLastYear,-0.038122411742935354,-0.009423038319108689,-0.04812265629581869,-0.013428968794158166,-0.02230925048346773,-0.025471167913454076,-0.03475211147140658,0.00036083880438234913,-0.019599892151291067,-0.003819102634139205,0.003299172193340213,-0.04402690749921434,-0.0008060719293274236,-0.0235045436767051,0.011454613893834297,0.006416010954399488,-0.029709680403952016,1.0,0.030809244264074616,0.010924150133391696,-0.0016655075551830084,-0.005150200237851466,-0.006956859241435754
WorkLifeBalance,-0.03247328398730666,-0.04017332298796199,-0.01245613505365016,-0.00882882171592796,0.03407074637703693,-0.0003781123795288071,-0.026754144795121438,0.03669549961634327,-0.018113037109971697,0.02811105365685385,0.016267799597046897,-0.02120753985388222,-0.016318471264795718,-0.01680770047692331,0.03117582825254745,0.013147241008871095,-0.006233505976652014,0.030809244264074616,1.0,0.01407741585909757,0.052431746898818854,0.0188365511726195,0.005645823835601457
YearsAtCompany,0.3133625167314377,-0.025003250254145168,0.012664574953081884,0.059782295646947425,0.0016319472613728504,-0.02494418449418156,-0.039641740844387145,0.526718883269122,-0.016044663786819926,0.5045021597707905,0.00878930342753453,-0.11225564170957834,-0.021288736505917685,0.015246834432177715,-0.005092695971681049,-0.006390977362255613,0.6181781921051589,0.010924150133391696,0.01407741585909757,1.0,0.7472641480086234,0.6042599143081397,0.776416054636422
YearsInCurrentRole,0.2184839193683417,0.023580874367557698,0.02053856522428339,0.04880854413955634,0.012706451111172417,-0.02069067897835759,-0.010344719757389357,0.373404548526042,-0.02526143674274597,0.346182050471809,0.012960074546809393,-0.07907372076545874,0.01456679357192478,0.04399404466337824,-0.03749932839244134,0.04845790442711483,0.4469018337734273,-0.0016655075551830084,0.052431746898818854,0.7472641480086234,1.0,0.5348829115697964,0.7068643221936103
YearsSinceLastPromotion,0.2114865332037327,-0.03354682271178664,0.009546840028195565,0.05538658017898449,0.0031314290585625127,-0.01749357708887979,-0.03479690864123184,0.33293527674943524,-0.034715587999057794,0.32200262113207734,0.03719109279486015,-0.026936520009064772,-0.004212763388648944,0.029922396448585565,0.033141164073348606,-0.015968386943282818,0.389651905353122,-0.005150200237851466,0.0188365511726195,0.6042599143081397,0.5348829115697964,1.0,0.49850082224148334
YearsWithCurrManager,0.20350162652887857,-0.020495372068973047,0.012792625603745162,0.07794125857038225,-0.0045150017313556196,-0.01733726558642125,0.010414638907913238,0.3629962776880075,-0.03593629087794678,0.32689426926980164,-0.02477866307501328,-0.10804380309718079,0.003478650403605541,0.0391035224900859,-0.040118793607806666,0.009405690231492844,0.4484393593666789,-0.006956859241435754,0.005645823835601457,0.776416054636422,0.7068643221936103,0.49850082224148334,1.0
