,count,mean,std,min,25%,50%,75%,max
Age,1176.0,36.99829931972789,9.178142239994186,18.0,30.0,36.0,43.0,60.0
DailyRate,1176.0,803.9914965986394,401.3394232985193,103.0,467.75,799.5,1157.0,1499.0
DistanceFromHome,1176.0,9.357993197278912,8.179803091004898,1.0,2.0,7.0,14.0,29.0
Education,1176.0,2.9064625850340136,1.027995729916515,1.0,2.0,3.0,4.0,5.0
EnvironmentSatisfaction,1176.0,2.7168367346938775,1.0887066825163685,1.0,2.0,3.0,4.0,4.0
HourlyRate,1176.0,65.5,20.373324236008514,30.0,48.0,66.0,83.0,100.0
JobInvolvement,1176.0,2.7372448979591835,0.7036734454605257,1.0,2.0,3.0,3.0,4.0
JobLevel,1176.0,2.076530612244898,1.0919871579394358,1.0,1.0,2.0,3.0,5.0
JobSatisfaction,1176.0,2.7193877551020407,1.1106440374974595,1.0,2.0,3.0,4.0,4.0
MonthlyIncome,1176.0,6544.024659863946,4653.743954982946,1009.0,2948.0,5004.5,8420.5,19973.0
MonthlyRate,1176.0,14390.239795918367,7192.834393790221,2094.0,8051.0,14373.0,20770.75,26999.0
NumCompaniesWorked,1176.0,2.693027210884354,2.4860774577771,0.0,1.0,2.0,4.0,9.0
PercentSalaryHike,1176.0,15.239795918367347,3.6790814708230557,11.0,12.0,14.0,18.0,25.0
PerformanceRating,1176.0,3.1573129251700682,0.3642504502469945,3.0,3.0,3.0,3.0,4.0
RelationshipSatisfaction,1176.0,2.7389455782312924,1.0872006968971382,1.0,2.0,3.0,4.0,4.0
StockOptionLevel,1176.0,0.7908163265306123,0.8457859576957667,0.0,0.0,1.0,1.0,3.0
TotalWorkingYears,1176.0,11.364795918367347,7.801391177138906,0.0,6.0,10.0,15.0,40.0
TrainingTimesLastYear,1176.0,2.760204081632653,1.256261780220548,0.0,2.0,3.0,3.0,6.0
WorkLifeBalance,1176.0,2.75765306122449,0.7181128474402237,1.0,2.0,3.0,3.0,4.0
YearsAtCompany,1176.0,7.050170068027211,6.086611744167993,0.0,3.0,5.0,10.0,37.0
YearsInCurrentRole,1176.0,4.2312925170068025,3.569503027018312,0.0,2.0,3.0,7.0,17.0
YearsSinceLastPromotion,1176.0,2.182823129251701,3.2153479050979494,0.0,0.0,1.0,3.0,15.0
YearsWithCurrManager,1176.0,4.196428571428571,3.5647953598273783,0.0,2.0,3.0,7.0,17.0
