procedure,outer_fold,selected_model,parameters,threshold,pr_auc,roc_auc,precision,recall,f1
fixed,0,logistic_regression,,0.15,0.6683377097205068,0.8203083466241361,0.4153846153846154,0.7105263157894737,0.5242718446601942
tuned,0,logistic_regression,"{""C"": 0.1}",0.2,0.6810259840434825,0.8195108984582669,0.4909090909090909,0.7105263157894737,0.5806451612903226
fixed,1,logistic_regression,,0.2,0.540619489616514,0.8195297889393536,0.423728813559322,0.6578947368421053,0.5154639175257731
tuned,1,logistic_regression,"{""C"": 0.1}",0.2,0.5531581002809246,0.8252738445097515,0.423728813559322,0.6578947368421053,0.5154639175257731
fixed,2,logistic_regression,,0.15,0.6747749394898332,0.8602725086828747,0.34782608695652173,0.8421052631578947,0.49230769230769234
tuned,2,logistic_regression,"{""C"": 1.0}",0.1,0.6747749394898332,0.8602725086828747,0.3238095238095238,0.8947368421052632,0.4755244755244755
fixed,3,logistic_regression,,0.15,0.7257522967777206,0.8856532193427732,0.36585365853658536,0.7894736842105263,0.5
tuned,3,logistic_regression,"{""C"": 0.03}",0.2,0.6747567566232846,0.8724285332620892,0.4027777777777778,0.7631578947368421,0.5272727272727272
fixed,4,logistic_regression,,0.1,0.6477135947645836,0.8101790008014961,0.29411764705882354,0.7894736842105263,0.42857142857142855
tuned,4,logistic_regression,"{""C"": 0.3}",0.2,0.6471439164659565,0.8047021106064653,0.39705882352941174,0.7105263157894737,0.5094339622641509
