feature,mean_ap_decrease,std_ap_decrease
OverTime,0.23310019336176566,0.025368726671820597
JobSatisfaction,0.06629773846437939,0.01793123523422974
NumCompaniesWorked,0.05922554038744069,0.015844609827054476
TotalWorkingYears,0.04415614279392001,0.02780437144220409
YearsSinceLastPromotion,0.04350034503518698,0.025204909986843667
EnvironmentSatisfaction,0.040008360709513115,0.01953779227048794
DistanceFromHome,0.02435877113904421,0.013939712649077778
JobInvolvement,0.02390049702306537,0.013926101622069519
BusinessTravel,0.023837917214505556,0.020043515655710126
YearsInCurrentRole,0.018223190779729947,0.0196151304968238
JobRole,0.01505552978335134,0.03079513579470246
RelationshipSatisfaction,0.014494817890432766,0.008695458105079101
YearsWithCurrManager,0.013554898221297407,0.018450998002813964
TrainingTimesLastYear,0.009964551625167527,0.0067688629343386954
Department,0.008310727905669002,0.013158713745419708
Gender,0.007427902497381633,0.007090786210517285
WorkLifeBalance,0.006470596230665327,0.010526321627760484
PerformanceRating,0.006469162957121665,0.0055924837775269826
MonthlyIncome,0.006019718383155371,0.005851666328365597
MaritalStatus,0.002009725999932166,0.014602786685214749
YearsAtCompany,0.001559662829614894,0.0062655382868582335
Age,0.0007270784242489281,0.013322620592725574
Education,0.00010993516122839164,0.0008850783420418827
HourlyRate,-0.0005570158558308557,0.000939949408753631
MonthlyRate,-0.0014807795662469924,0.00128013618793446
StockOptionLevel,-0.003831704069332109,0.014733201243238249
PercentSalaryHike,-0.006513885138282849,0.0059834468132482855
JobLevel,-0.007409787352193153,0.011802089971694945
DailyRate,-0.008784402893235076,0.007312504044118563
EducationField,-0.012462948575898835,0.012142488761878118
