feature,importance
MonthlyIncome,0.08637412456851869
Age,0.0659336980230462
TotalWorkingYears,0.06341687618485232
YearsAtCompany,0.05206815670861923
OverTime_Yes,0.045941198653742396
OverTime_No,0.04460148005566771
YearsWithCurrManager,0.04333393789553006
DailyRate,0.04270317369557063
StockOptionLevel,0.03982189282158419
DistanceFromHome,0.038927634800720305
NumCompaniesWorked,0.03697997925777003
MonthlyRate,0.03280218889606905
JobLevel,0.031646513960736096
HourlyRate,0.03159145457578854
YearsInCurrentRole,0.030810865088408513
EnvironmentSatisfaction,0.025883000802704368
PercentSalaryHike,0.023345561211847273
JobSatisfaction,0.023320892264075736
YearsSinceLastPromotion,0.017335194629781146
WorkLifeBalance,0.01647584709557207
MaritalStatus_Single,0.016345614499777682
JobInvolvement,0.015969453771882088
RelationshipSatisfaction,0.015792416667922235
BusinessTravel_Travel_Frequently,0.012322982119200377
JobRole_Sales Executive,0.010836111707764233
TrainingTimesLastYear,0.010719107307057602
Department_Research & Development,0.010676761467102749
Education,0.010399948480947063
Department_Sales,0.009925119451377352
JobRole_Research Scientist,0.009779529721014039
JobRole_Laboratory Technician,0.009685912015277442
MaritalStatus_Married,0.008554403635864932
MaritalStatus_Divorced,0.007194693050153673
Gender_Female,0.006247300674612656
Gender_Male,0.006090915733584275
BusinessTravel_Non-Travel,0.006013144581598333
EducationField_Medical,0.00558841802930185
JobRole_Sales Representative,0.005528629421426202
EducationField_Life Sciences,0.004597782571360179
BusinessTravel_Travel_Rarely,0.004195202222397953
JobRole_Healthcare Representative,0.0041356784003944574
EducationField_Marketing,0.0033705471855909603
EducationField_Technical Degree,0.0026137853466481216
JobRole_Manufacturing Director,0.002560633136621859
PerformanceRating,0.002252712727642507
JobRole_Research Director,0.0017957424332402823
JobRole_Manager,0.0014866226045948292
EducationField_Other,0.0008203768712311805
JobRole_Human Resources,0.0005712106578591062
Department_Human Resources,0.0004013912005356024
EducationField_Human Resources,0.0002141811154137316
