feature,transformed_value,shap_value
Age,-1.4168258667766453,0.5594092566002468
DailyRate,0.06483182808704098,-0.01017520479865158
DistanceFromHome,0.44543324854045496,0.18786042838605588
Education,-0.8821517496305211,-0.009121691113467183
EnvironmentSatisfaction,1.1791138942345,-0.658785482540495
HourlyRate,0.6138084228582275,-0.0028727251140601862
JobInvolvement,0.37356374698936007,-0.08647481394305587
JobLevel,-0.9862649071659377,-0.21106439898786733
JobSatisfaction,-0.6479968271994002,0.2638219980427598
MonthlyIncome,-0.969744764695268,0.1336321091517039
MonthlyRate,-1.0135559489344454,-0.01420061509966731
NumCompaniesWorked,-0.6812931308626707,-0.3229164071827942
PercentSalaryHike,-0.6090511553173631,0.05314962683524785
PerformanceRating,-0.43206495008251805,-0.018255501483539296
RelationshipSatisfaction,0.24021828341039647,-0.07109060998335512
StockOptionLevel,0.2474298218872014,-0.03473374466611689
TotalWorkingYears,-1.3291482629651574,0.6619575455360576
TrainingTimesLastYear,-0.6053893510945483,0.11793356740514396
WorkLifeBalance,0.33762109125915835,-0.08784112460631013
YearsAtCompany,-0.9944357082969277,-0.14805542355849222
YearsInCurrentRole,-1.1859053352917943,0.37912292162053424
YearsSinceLastPromotion,-0.679165010153175,-0.3716062170774324
YearsWithCurrManager,-1.177687211234465,0.43103187998961706
BusinessTravel_Non-Travel,1.0,-0.8613700176753655
BusinessTravel_Travel_Frequently,0.0,-0.23350793333228867
BusinessTravel_Travel_Rarely,0.0,-0.003787344488209938
Department_Human Resources,0.0,0.0009478191173990457
Department_Research & Development,0.0,0.17829306872454595
Department_Sales,1.0,0.20191479011521482
EducationField_Human Resources,0.0,-0.017991397310502054
EducationField_Life Sciences,1.0,-0.06650833477329533
EducationField_Marketing,0.0,-0.012744884906806624
EducationField_Medical,0.0,0.09544553451205876
EducationField_Other,0.0,0.014302405854790848
EducationField_Technical Degree,0.0,-0.03689613754544381
Gender_Female,1.0,-0.09505509398926017
Gender_Male,0.0,-0.08770416094356032
JobRole_Healthcare Representative,0.0,0.07531140280160918
JobRole_Human Resources,0.0,-0.026188461980528377
JobRole_Laboratory Technician,0.0,-0.1442367399701242
JobRole_Manager,0.0,0.002162557895745418
JobRole_Manufacturing Director,0.0,0.006942133177272334
JobRole_Research Director,0.0,0.07239020552995479
JobRole_Research Scientist,0.0,0.038822838090496484
JobRole_Sales Executive,0.0,0.012632595322289455
JobRole_Sales Representative,1.0,0.81866028081216
MaritalStatus_Divorced,0.0,0.06249832661934911
MaritalStatus_Married,1.0,-0.08956893525351395
MaritalStatus_Single,0.0,-0.12363240742169787
OverTime_No,1.0,-0.3436543896966532
OverTime_Yes,0.0,-0.3389650013743952
