seed,model,mean_ap,std_ap
42,dummy,0.16156509195816807,0.0002740714028128477
42,logistic_regression,0.6514396060738317,0.061069535881700776
42,logistic_balanced,0.6058279174287123,0.0817457966522807
42,random_forest,0.5515753741025184,0.05822347409948412
42,hist_gradient_boosting,0.6041445858010743,0.04478157130931545
43,dummy,0.16156509195816807,0.0002740714028128477
43,logistic_regression,0.6701999217302014,0.029730633431275764
43,logistic_balanced,0.6207261731502911,0.01963889138249002
43,random_forest,0.5483675572730634,0.06304989702073194
43,hist_gradient_boosting,0.5992799770119428,0.05473348205994867
44,dummy,0.16156509195816807,0.0002740714028128477
44,logistic_regression,0.6559387010316797,0.043063003561553015
44,logistic_balanced,0.6271584721305727,0.03648982556192039
44,random_forest,0.5636969282492231,0.08114706957215881
44,hist_gradient_boosting,0.5863549076755297,0.11043735276886464
