attribute,group,n,positive_count,recall,false_positive_rate,selection_rate,precision,recall_lower,recall_upper,false_positive_rate_lower,false_positive_rate_upper,selection_rate_lower,selection_rate_upper
Gender,Female,116,16,0.6875,0.2,0.2672413793103448,0.3548387096774194,0.4375,0.875,0.12,0.28,0.1896551724137931,0.3448275862068966
Gender,Male,178,31,0.6129032258064516,0.14285714285714285,0.2247191011235955,0.475,0.45161290322580644,0.7741935483870968,0.08843537414965986,0.20408163265306123,0.17415730337078653,0.2808988764044944
MaritalStatus,Married,133,18,0.5555555555555556,0.13043478260869565,0.18796992481203006,0.4,0.3333333333333333,0.7777777777777778,0.06956521739130435,0.19130434782608696,0.12781954887218044,0.24812030075187969
MaritalStatus,Divorced,64,4,1.0,0.05,0.109375,0.5714285714285714,1.0,1.0,0.0,0.1,0.0625,0.15625
MaritalStatus,Single,97,25,0.64,0.3194444444444444,0.4020618556701031,0.41025641025641024,0.44,0.8,0.2222222222222222,0.4305555555555556,0.30927835051546393,0.4948453608247423
AgeBand,18-29,68,17,0.7647058823529411,0.2549019607843137,0.38235294117647056,0.5,0.5294117647058824,0.9411764705882353,0.1568627450980392,0.37254901960784315,0.29411764705882354,0.4852941176470588
AgeBand,40-49,67,8,0.5,0.1016949152542373,0.14925373134328357,0.4,0.125,0.875,0.03389830508474576,0.1864406779661017,0.07462686567164178,0.23880597014925373
AgeBand,30-39,125,14,0.7857142857142857,0.1891891891891892,0.256,0.34375,0.5714285714285714,0.9285714285714286,0.12590090090090109,0.2702702702702703,0.192,0.328
AgeBand,50+,34,8,0.25,0.038461538461538464,0.08823529411764706,0.6666666666666666,0.0,0.5,0.0,0.11538461538461539,0.0,0.17647058823529413
