roc_auc,pr_auc,precision,recall,f1,brier_score,threshold,true_negatives,false_positives,false_negatives,true_positives,n,positive_count,f2
0.8378669798227822,0.6482100772750737,0.2549317147192716,0.8842105263157894,0.3957597173144876,0.09037630987092406,0.05,495,491,22,168,1176,190,0.5919661733615221
0.8378669798227822,0.6482100772750737,0.3264033264033264,0.8263157894736842,0.46795827123695977,0.09037630987092406,0.1,662,324,33,157,1176,190,0.6325543916196616
0.8378669798227822,0.6482100772750737,0.3620253164556962,0.7526315789473684,0.4888888888888889,0.09037630987092406,0.15,734,252,47,143,1176,190,0.619047619047619
0.8378669798227822,0.6482100772750737,0.428125,0.7210526315789474,0.5372549019607843,0.09037630987092406,0.2,803,183,53,137,1176,190,0.6342592592592593
0.8378669798227822,0.6482100772750737,0.4740740740740741,0.6736842105263158,0.5565217391304348,0.09037630987092406,0.25,844,142,62,128,1176,190,0.6213592233009708
0.8378669798227822,0.6482100772750737,0.5374449339207048,0.6421052631578947,0.5851318944844125,0.09037630987092406,0.3,881,105,68,122,1176,190,0.6180344478216819
0.8378669798227822,0.6482100772750737,0.6203208556149733,0.6105263157894737,0.6153846153846154,0.09037630987092406,0.35,915,71,74,116,1176,190,0.6124604012671594
0.8378669798227822,0.6482100772750737,0.6753246753246753,0.5473684210526316,0.6046511627906976,0.09037630987092406,0.4,936,50,86,104,1176,190,0.5689277899343544
0.8378669798227822,0.6482100772750737,0.7265625,0.48947368421052634,0.5849056603773585,0.09037630987092406,0.45,951,35,97,93,1176,190,0.5236486486486487
0.8378669798227822,0.6482100772750737,0.7850467289719626,0.4421052631578947,0.5656565656565656,0.09037630987092406,0.5,963,23,106,84,1176,190,0.4844290657439446
0.8378669798227822,0.6482100772750737,0.8041237113402062,0.4105263157894737,0.5435540069686411,0.09037630987092406,0.55,967,19,112,78,1176,190,0.45507584597432904
0.8378669798227822,0.6482100772750737,0.8395061728395061,0.35789473684210527,0.5018450184501845,0.09037630987092406,0.6,973,13,122,68,1176,190,0.40428061831153383
0.8378669798227822,0.6482100772750737,0.8484848484848485,0.29473684210526313,0.4375,0.09037630987092406,0.65,976,10,134,56,1176,190,0.33898305084745756
0.8378669798227822,0.6482100772750737,0.8703703703703703,0.24736842105263157,0.38524590163934425,0.09037630987092406,0.7,979,7,143,47,1176,190,0.28869778869778867
0.8378669798227822,0.6482100772750737,0.918918918918919,0.17894736842105263,0.29955947136563876,0.09037630987092406,0.75,983,3,156,34,1176,190,0.21329987452948554
0.8378669798227822,0.6482100772750737,0.9615384615384616,0.13157894736842105,0.23148148148148148,0.09037630987092406,0.8,985,1,165,25,1176,190,0.15903307888040707
0.8378669798227822,0.6482100772750737,1.0,0.08947368421052632,0.1642512077294686,0.09037630987092406,0.85,986,0,173,17,1176,190,0.1093951093951094
0.8378669798227822,0.6482100772750737,1.0,0.05789473684210526,0.10945273631840796,0.09037630987092406,0.9,986,0,179,11,1176,190,0.07133592736705577
0.8378669798227822,0.6482100772750737,1.0,0.015789473684210527,0.031088082901554404,0.09037630987092406,0.95,986,0,187,3,1176,190,0.01965923984272608
